Nama Produk,Harga Produk,URLs
Hardisk Seagate 250gb Internal 3.5 Inch Garansi 1 Tahun,"IDR70,000.00.",https://www.google.com/url?url=https://www.tokopedia.com/rekomendasi/7335712363%3Fsrsltid%3DAR57-fB4TcH1AAD_sakDwrYgk6elP8fOgEupdVRLn98DxZ7_0Z5jwgQtKc4&rct=j&q=&esrc=s&sa=U&ved=0ahUKEwjMxa6D_8z_AhUkSGwGHUSPDWAQgOUECOEI&usg=AOvVaw0HuKdvLnEWI4FCl1A8zM7u
Jual Hdd Pc (Ata/Ide) 10/20/30/40/60/80/120/160/200/250/300/320/500 Gb Second ...,"IDR135,000.00.",https://www.google.com/url?url=https://www.lazada.co.id/products/jual-hdd-pc-ataide-102030406080120160200250300320500-gb-second-untuk-komputer-pcrakitandesktopfoto-copyps2internaldll-harga-sangat-terjangkau-bandung-jabar-i4814146460-s8851234623.html%3Ffrom_gmc%3D1&rct=j&q=&esrc=s&sa=U&ved=0ahUKEwjMxa6D_8z_AhUkSGwGHUSPDWAQgOUECOwI&usg=AOvVaw10KQyNZ3kb_Xdm9vOGxxI1
Hard Drive Penyimpanan Seluler Besar Aksesori Komputer Seluler Ssd Eksternal ...,"IDR165,000.00.",https://www.google.com/url?url=https://www.lazada.co.id/products/hard-drive-penyimpanan-seluler-besar-aksesori-komputer-seluler-ssd-eksternal-logam-usb-31-500gb-1tb-2tb-penyimpanan-data-kecepatan-tinggi-plug-play-praktis-i7181444489-s13503236541.html%3Ffrom_gmc%3D1&rct=j&q=&esrc=s&sa=U&ved=0ahUKEwjMxa6D_8z_AhUkSGwGHUSPDWAQgOUECPcI&usg=AOvVaw3n0j9kIf-3TIBWYof-Qh6Q
Hardisk Internal 500gb Barracuda Baru Rpm 7200 Garansi 1 Tahun,"IDR120,000.00.",https://www.google.com/url?url=https://www.tokopedia.com/rekomendasi/7770511054%3Fsrsltid%3DAR57-fB7-mxAuAp8wnKQd4V7uXsj0wxfXd5gOixFXv2kEBNyPhEtcVlnlkg&rct=j&q=&esrc=s&sa=U&ved=0ahUKEwjMxa6D_8z_AhUkSGwGHUSPDWAQgOUECIIJ&usg=AOvVaw2GQklqVPtcdJWxuKzfRSUR
HDD / Hardisk 160 - 320 GB PC 3.5 Inch WD BLUE / GREEN / PURPLE BARU / NEW new,"IDR125,000.00.",https://www.google.com/url?url=https://shopee.co.id/product/384915936/6085817433&rct=j&q=&esrc=s&sa=U&ved=0ahUKEwjMxa6D_8z_AhUkSGwGHUSPDWAQgOUECI0J&usg=AOvVaw28FqhfMLLNkN0LW6_Cn-TJ
Hard Disk Portabel 500GB 1TB 2TB 4TB 30TB Mobile Solid State Drive Universal ...,"IDR327,000.00.",https://www.google.com/url?url=https://www.lazada.co.id/products/hard-disk-portabel-500gb-1tb-2tb-4tb-30tb-mobile-solid-state-drive-universal-transfer-cepat-kapasitas-besar-tahan-guncangan-penyimpanan-data-aman-25-inci-usb30-hard-disk-eksternal-ssd-portabel-untuk-laptop-profesional-mobile-solid-i7066068320-s13353880903.html%3Ffrom_gmc%3D1&rct=j&q=&esrc=s&sa=U&ved=0ahUKEwjMxa6D_8z_AhUkSGwGHUSPDWAQgOUECJgJ&usg=AOvVaw1xGSWWW_Vxu9PKuoN7fv95
Harddisk Internal Pc 3.5 250gb Sata - Hdd 250 Gb Seagate,"IDR115,000.00.",https://www.google.com/url?url=https://www.tokopedia.com/rekomendasi/7686113293%3Fsrsltid%3DAR57-fAP9rWgrnLDnqBqy4HJzI-zoorcvyyQcxkmljmVF-YJSiekGu8blgo&rct=j&q=&esrc=s&sa=U&ved=0ahUKEwjMxa6D_8z_AhUkSGwGHUSPDWAQgOUECKMJ&usg=AOvVaw18x6956pXKFTxa6Pr7Mw3r
Hard Disk Eksternal 2.5 Inci USB 3.0 5Gbps 4TB Kotak Hard Disk Eksternal HHD ...,"IDR92,167.00.",https://www.google.com/url?url=https://www.lazada.co.id/products/hard-disk-eksternal-25-inci-usb-30-5gbps-4tb-aksesori-laptop-kotak-hard-disk-eksternal-hhd-i5295600251-s10314776601.html%3Ffrom_gmc%3D1&rct=j&q=&esrc=s&sa=U&ved=0ahUKEwjMxa6D_8z_AhUkSGwGHUSPDWAQgOUECK4J&usg=AOvVaw3KhmleOUHy8LCbSMr4N15M
Hardisk Cctv 500gb Garansi 1tahun (Tukar Baru) # Bosku,"IDR135,000.00.",https://www.google.com/url?url=https://www.tokopedia.com/rekomendasi/7713874350%3Fsrsltid%3DAR57-fCYq05wwwqHEEje29dzUHyHbIxo11FFOyYAnDjEyBGKd81nHT2yLz8&rct=j&q=&esrc=s&sa=U&ved=0ahUKEwjMxa6D_8z_AhUkSGwGHUSPDWAQgOUECLkJ&usg=AOvVaw39cnHGJ3Oi7rafXlo21YCs
Kingston 960Gb A400 Sata3 Ssd,"IDR1,146,181.15.",https://www.google.com/url?url=https://www.conrad.com/p/-1837802%3FWT.srch%3D1%26vat%3Dtrue%26utm_source%3Dgoogle%26utm_medium%3Dorganic%26utm_campaign%3Dshopping%26srsltid%3DAR57-fCNYB4IUD0gmj1-8skI68af0M1XCDyQZTEh696DmKYjnq1J8dZ92jk&rct=j&q=&esrc=s&sa=U&ved=0ahUKEwjMxa6D_8z_AhUkSGwGHUSPDWAQguUECMoJ&usg=AOvVaw06-G1iuyJ35FTIpfPMA7ag
WD Elements Portable 2TB External Hard Drive - Black,"IDR1,394,216.92.",https://www.google.com/url?url=https://www.conrad.com/p/-1575062%3FWT.srch%3D1%26vat%3Dtrue%26utm_source%3Dgoogle%26utm_medium%3Dorganic%26utm_campaign%3Dshopping%26srsltid%3DAR57-fDoR1z1-WZOUfnQeXTLZI4Y1tGPWAIuYLnV-7T3j2LWf9tOIQMaLoY&rct=j&q=&esrc=s&sa=U&ved=0ahUKEwjMxa6D_8z_AhUkSGwGHUSPDWAQguUECNoJ&usg=AOvVaw05ZOgI9VSHLOxA7DJo9px0
WD My Passport 1TB Portable External Hard Drive (Black),"IDR849,116.11.",https://www.google.com/url?url=https://hungamastart.com/product/western-digital-wd-1tb-my-passport/%3Fattribute_pa_colour%3Dblack&rct=j&q=&esrc=s&sa=U&ved=0ahUKEwjMxa6D_8z_AhUkSGwGHUSPDWAQguUECOsJ&usg=AOvVaw2GZ3Q30UhqgfeFlWibaKok
Seagate Expansion Portable 1.5TB External Hard Drive HDD - USB 3.0 for PC Laptop ...,"IDR894,777.34.",https://www.google.com/url?url=https://hungamastart.com/product/seagate-expansion-1-5-tb-external-hdd-usb-3-0-for-pc-laptop-3-yr-data-recovery-services-portable-hard-drive-stea1500400/&rct=j&q=&esrc=s&sa=U&ved=0ahUKEwjMxa6D_8z_AhUkSGwGHUSPDWAQguUECPoJ&usg=AOvVaw2fbjoNFjdvn9DiVXLn9nnB
Harddisk 3.5inch 1TB Seagate Slim Kondisi ok sentinel aman,"IDR399,700.00.",https://www.google.com/url?url=https://shopee.co.id/product/308409224/11345092794&rct=j&q=&esrc=s&sa=U&ved=0ahUKEwjMxa6D_8z_AhUkSGwGHUSPDWAQgOUECIcK&usg=AOvVaw2uW4CHh4vFNTSBAIJvcYQf
Hard Disk Ssd Anti Guncangan Penyimpanan Besar 500Gb 1Tb 2Tb 4Tb 30Tb Mobile ...,"IDR261,000.00.",https://www.google.com/url?url=https://www.lazada.co.id/products/hard-disk-ssd-anti-guncangan-penyimpanan-besar-500gb-1tb-2tb-4tb-30tb-mobile-solid-state-drive-ultra-tipis-kecepatan-tinggi-tahan-guncangan-penyimpanan-data-aman-portabel-usb-31-hard-disk-eksternal-ssd-laptop-menggunakan-hard-drive-eksternal-i7181456468-s13503240867.html%3Ffrom_gmc%3D1&rct=j&q=&esrc=s&sa=U&ved=0ahUKEwjMxa6D_8z_AhUkSGwGHUSPDWAQgOUECJIK&usg=AOvVaw1_shsU19guH0-z9d7xGjwa
Xiaomi Ssd 1external 2.5 Inch Hard Disks Portabel 4tb 8tb 16tb Usb 3.0 - 16tb Black,"IDR517,272.00.",https://www.google.com/url?url=https://www.tokopedia.com/rekomendasi/9616939846%3Fsrsltid%3DAR57-fAMltWJCEj8fuES2xJ-jhItJykdlBb8ZPSmCjQogSKNQ5OVM82DAPw&rct=j&q=&esrc=s&sa=U&ved=0ahUKEwjMxa6D_8z_AhUkSGwGHUSPDWAQgOUECJ0K&usg=AOvVaw1auHqNhHJwXD0Wyf7vdbm3
hdd harddisk hard disk internal pc 500gb 1tb,"IDR230,000.00.",https://www.google.com/url?url=https://www.bukalapak.com/p/komputer/hardware/hard-disk/4hm1014-jual-hdd-harddisk-hard-disk-internal-pc-500gb-1tb&rct=j&q=&esrc=s&sa=U&ved=0ahUKEwjMxa6D_8z_AhUkSGwGHUSPDWAQgOUECKgK&usg=AOvVaw0tlbplbpLq4a3LbxD43Z4I
"Hdd 500gb 3,5 Sata Wd Blue","IDR105,000.00.",https://www.google.com/url?url=https://www.tokopedia.com/buanasindo/hdd-500gb-35-sata-wd-blue%3Ftxsc%3Dgoogle%26srsltid%3DAR57-fB5ENe4aYwsuGivGSSEPQdkUAuvKL3uuzF-0Ocsa6oUaObc-Q31x0s&rct=j&q=&esrc=s&sa=U&ved=0ahUKEwjMxa6D_8z_AhUkSGwGHUSPDWAQgOUECLQK&usg=AOvVaw0RKdj84M9OYyjh1puGwB8_
"hard disk seagate skyhawk surveillance hardisk internal 3,5"" 1tb | 2tb | 4tb ...","IDR685,000.00.",https://www.google.com/url?url=https://www.bukalapak.com/p/komputer/hardware/hard-disk/1pdmtdi-jual-hard-disk-seagate-skyhawk-surveillance-hardisk-internal-3-5-1tb-2tb-4tb-6tb-8tb&rct=j&q=&esrc=s&sa=U&ved=0ahUKEwjMxa6D_8z_AhUkSGwGHUSPDWAQgOUECL8K&usg=AOvVaw2T06lCJM_ESEReKhUSn4w-
Hard Disk Portabel 2.5 Inci 1TB 2TB 4TB Hard Disk Seluler Ultra-tipis Universal ...,"IDR191,000.00.",https://www.google.com/url?url=https://www.lazada.co.id/products/hard-disk-portabel-25-inci-1tb-2tb-4tb-hard-disk-seluler-ultra-tipis-universal-kecepatan-tinggi-ekspansi-memori-bebas-usb-30-perangkat-penyimpanan-hard-drive-eksternal-untuk-laptop-25-inci-i6860052156-s13001508712.html%3Ffrom_gmc%3D1&rct=j&q=&esrc=s&sa=U&ved=0ahUKEwjMxa6D_8z_AhUkSGwGHUSPDWAQgOUECMoK&usg=AOvVaw2D4x2_rLlumXhWqBdEv9Kr
"Seagate Barracuda 2TB SATA3 3.5""","IDR862,000.00.",https://www.google.com/url?url=https://shopee.co.id/product/746822/951831986&rct=j&q=&esrc=s&sa=U&ved=0ahUKEwjMxa6D_8z_AhUkSGwGHUSPDWAQgOUECNUK&usg=AOvVaw0394qoW8AcC98HYgVLf4Pz
co 6228Us3-C 2.5/3.5 Inch Usb3.0 Hardisk Clone Dual Bay Hdd &amp; Ssd,"IDR700,000.00.",https://www.google.com/url?url=https://www.blibli.com/p/co-6228us3-c-2-5-3-5-inch-usb3-0-hardisk-clone-dual-bay-hdd-ssd/is--GHS-70072-05399-00001%3FpickupPointCode%3DPP-3328134&rct=j&q=&esrc=s&sa=U&ved=0ahUKEwjMxa6D_8z_AhUkSGwGHUSPDWAQgOUECOAK&usg=AOvVaw0n2_C1pweoKfabl_uauPjB
hardis pc 500gb,"IDR85,000.00.",https://www.google.com/url?url=https://www.bukalapak.com/p/komputer/hardware/hard-disk/cfgd8x-jual-hardis-pc-500gb&rct=j&q=&esrc=s&sa=U&ved=0ahUKEwjMxa6D_8z_AhUkSGwGHUSPDWAQgOUECOsK&usg=AOvVaw0MIWbnP8a7Wxx6F51YAc8M
Perangkat Keras 500GB/1TB/2TB/4TB Transmisi Kecepatan Tinggi Penyimpanan Data ...,"IDR108,000.00.",https://www.google.com/url?url=https://www.lazada.co.id/products/perangkat-keras-500gb1tb2tb4tb-transmisi-kecepatan-tinggi-penyimpanan-data-keluaran-stabil-hard-disk-kompak-aksesoris-komputer-flash-perangkat-keras-tipe-c-i7381036451-s13794448783.html%3Ffrom_gmc%3D1&rct=j&q=&esrc=s&sa=U&ved=0ahUKEwjMxa6D_8z_AhUkSGwGHUSPDWAQgOUECPcK&usg=AOvVaw0-efXCWLZMBiE6rwS9leqc
"2TB/USB3.0/5400rpm/HDD/2.5"" External Hard Disk for Computer Laptop on Sale ...","IDR386,000.00.",https://www.google.com/url?url=https://shopee.co.id/product/778731788/21705852848&rct=j&q=&esrc=s&sa=U&ved=0ahUKEwjMxa6D_8z_AhUkSGwGHUSPDWAQgOUECIIL&usg=AOvVaw0DUodAF6TK8lnqMdG5lJCm
Hard Disk Sentinel Pro [Original Key] Lifetime,"IDR55,000.00.",https://www.google.com/url?url=https://www.tokopedia.com/rekomendasi/1774336928%3Fsrsltid%3DAR57-fBbU_Q1bB1Uko-Blyb-0awPV_WYRRFZmToOqasvvHxsAzaLrn-dLKk&rct=j&q=&esrc=s&sa=U&ved=0ahUKEwjMxa6D_8z_AhUkSGwGHUSPDWAQgOUECI0L&usg=AOvVaw23HeG7wgpJ9SnuTx4EyJa4
HardDisk External WD My Book Premium Storage 3TB,"IDR1,475,000.00.",https://www.google.com/url?url=https://shopee.co.id/product/373979043/11623012670&rct=j&q=&esrc=s&sa=U&ved=0ahUKEwjMxa6D_8z_AhUkSGwGHUSPDWAQgOUECJgL&usg=AOvVaw1UCuZiPny5cwVD-ANoD9in
hard disk 2 tb seagate skyhawk,"IDR635,000.00.",https://www.google.com/url?url=https://www.bukalapak.com/p/kamera/cctv/9yoyva-jual-hard-disk-2-tb-seagate-skyhawk&rct=j&q=&esrc=s&sa=U&ved=0ahUKEwjMxa6D_8z_AhUkSGwGHUSPDWAQgOUECKML&usg=AOvVaw2xEs22sV2ko-ekcbzop_ap
"Seagate Hdd Backup Plus Slim 2.5"" 5TB (Rose Gold, Gold, Red, Blue, Grey, Black)","IDR2,300,000.00.",https://www.google.com/url?url=https://plazait.co.id/product/seagate-hdd-backup-plus-slim-2-5-5tb-rose-gold-gold-red-blue-grey-black/&rct=j&q=&esrc=s&sa=U&ved=0ahUKEwjMxa6D_8z_AhUkSGwGHUSPDWAQgOUECK4L&usg=AOvVaw0vIkfxGAnoQ3TjHA4ZNnAG
500GB 1TB 2TB SSD High Speed Hard Disk External Solid State Drives USB 3.1 Type-C ...,"IDR405,305.68 + tax.",https://www.google.com/url?url=https://www.dhgate.com/product/500gb-1tb-2tb-ssd-high-speed-hard-disk-external/868403395.html%3Ff%3Dbm%257CGMC%257C%257Bifdyn:dyn%257D%257Bifpla:pla%257D%257Bifdbm:DBM%257D%257C%257Bcampaignid%257D%257C%257Badgroupid%257D%257C868403395%257C%257Btargetid%257D%257C104001006%257CUS%257Ccocoparl%257C%257Bdevice%257D%257C2%257C%26utm_source%3D%257Bifdyn:dyn%257D%257Bifpla:pla%257D%257Bifdbm:DBM%257D%26utm_medium%3DGMC%26utm_campaign%3Dcocoparl%26utm_term%3D868403395&rct=j&q=&esrc=s&sa=U&ved=0ahUKEwjMxa6D_8z_AhUkSGwGHUSPDWAQgOUECLsL&usg=AOvVaw1ZuhmP68fFci2pkF76X06y
Hdd 2tb Hardisk 2tb Harddisk Cctv Internal 2tb 3.5 Sata,"IDR450,000.00.",https://www.google.com/url?url=https://www.tokopedia.com/rekomendasi/3506246643%3Fsrsltid%3DAR57-fC1asGDgvU_AVYE07a7E1xsvFNZMH9EWW0t4w5SPZxgrqLrZo4CfGg&rct=j&q=&esrc=s&sa=U&ved=0ahUKEwjMxa6D_8z_AhUkSGwGHUSPDWAQgOUECMcL&usg=AOvVaw08zAhX23r8yu0k5zfmiq8e
hdd wd velociraptor 250gb,"IDR165,000.00.",https://www.google.com/url?url=https://www.bukalapak.com/p/komputer/hardware/hard-disk/3ywhal7-jual-hdd-wd-velociraptor-250gb&rct=j&q=&esrc=s&sa=U&ved=0ahUKEwjMxa6D_8z_AhUkSGwGHUSPDWAQgOUECNIL&usg=AOvVaw1n0zJdyuNelJgLSMPdM1Zm
Seagate Hard Disk Eksternal Expansion 2 TB,"IDR1,085,000.00.",https://www.google.com/url?url=https://dorangadget.com/product/seagate-hard-disk-eksternal-expansion-2-tb/&rct=j&q=&esrc=s&sa=U&ved=0ahUKEwjMxa6D_8z_AhUkSGwGHUSPDWAQgOUECN4L&usg=AOvVaw14GRwuGXkgZyxMWQIx9jtY
upgread hdd 500 ke 1Tb,"IDR290,000.00.",https://www.google.com/url?url=https://shopee.co.id/product/124930261/5489591210&rct=j&q=&esrc=s&sa=U&ved=0ahUKEwjMxa6D_8z_AhUkSGwGHUSPDWAQgOUECOkL&usg=AOvVaw1ZC66HvS85_sdqiXFwQPku
WD Elements Portable Hard Disk 4TB - Black WDBU6Y0040BBK-CESN,"IDR1,235,827.31.",https://www.google.com/url?url=https://www.yohohongkong.com/en-us/product/29332-Western-Digital-WD-Elements%25E2%2584%25A2-%25E5%258F%25AF%25E6%2594%259C%25E5%25BC%258F-4TB-%25E7%25A1%25AC%25E7%25A2%259F-%25E9%25BB%2591%25E8%2589%25B2-%25E9%25A6%2599%25E6%25B8%25AF%25E8%25A1%258C%25E8%25B2%25A8%3Fsrsltid%3DAR57-fANtOZIwehlzRayOmvIENkHyW_Ca7-r4oDfAwptNAYi3yTBnjgC1h8&rct=j&q=&esrc=s&sa=U&ved=0ahUKEwjMxa6D_8z_AhUkSGwGHUSPDWAQgOUECPUL&usg=AOvVaw2XO4-2KDlF2KNbI2vS1-Ir
"HDD 2TB Hardisk 2TB Skyhawk Harddisk 2tb internal cctv 3.5"" Grade A02","IDR817,800.00.",https://www.google.com/url?url=https://www.blibli.com/p/hdd-2tb-hardisk-2tb-skyhawk-harddisk-2tb-internal-cctv-3-5-grade-a02/is--MES-70112-22505-00001%3FpickupPointCode%3DPP-3188387&rct=j&q=&esrc=s&sa=U&ved=0ahUKEwjMxa6D_8z_AhUkSGwGHUSPDWAQgOUECIEM&usg=AOvVaw3o1zzNhmdhJTmzvo1GjJc1
WD Elements Portable 2TB External Hard Drive - Black,"IDR1,394,216.92.",https://www.google.com/url?url=https://www.conrad.com/p/-1575062%3FWT.srch%3D1%26vat%3Dtrue%26utm_source%3Dgoogle%26utm_medium%3Dorganic%26utm_campaign%3Dshopping%26srsltid%3DAR57-fBF1v_9n2E3pBD4zKxzO0t7rRP9BszvmU9TWnhx7Pz7FEsr8r6L1Ig&rct=j&q=&esrc=s&sa=U&ved=0ahUKEwjMxa6D_8z_AhUkSGwGHUSPDWAQguUECI8M&usg=AOvVaw1GrcDebu4U_qo6Ir-TBQbq
T5 500GB/1TB/2TB/4TB/30TB Solid State Drive Ultra-tipis Transfer Cepat Kapasitas ...,"IDR286,000.00.",https://www.google.com/url?url=https://www.lazada.co.id/products/t5-500gb1tb2tb4tb30tb-solid-state-drive-ultra-tipis-transfer-cepat-kapasitas-besar-tahan-air-antiguncangan-data-penyimpanan-portabel-tipe-c-eksternal-solid-state-disk-ponsel-ssd-untuk-laptop-solid-state-disk-i7027360102-s13287426198.html%3Ffrom_gmc%3D1&rct=j&q=&esrc=s&sa=U&ved=0ahUKEwjMxa6D_8z_AhUkSGwGHUSPDWAQgOUECJsM&usg=AOvVaw2JZCzDRsibPtjDct-7sfN7
1TB 2TB wd external hard disk Hard Disk 2TB 1 TB 500GB 320GB USB HDD 2 5 USB 3 0 ...,"IDR374,784.33 + tax.",https://www.google.com/url?url=https://www.dhgate.com/product/1tb-2tb-external-hard-drive-hard-disk-2tb/792222985.html%3Ff%3Dbm%257CGMC%257C%257Bifdyn:dyn%257D%257Bifpla:pla%257D%257Bifdbm:DBM%257D%257C%257Bcampaignid%257D%257C%257Badgroupid%257D%257C792222985%257C%257Btargetid%257D%257C104001006%257CUS%257Cd3kr%257C%257Bdevice%257D%257C2%257C%26utm_source%3D%257Bifdyn:dyn%257D%257Bifpla:pla%257D%257Bifdbm:DBM%257D%26utm_medium%3DGMC%26utm_campaign%3Dd3kr%26utm_term%3D792222985&rct=j&q=&esrc=s&sa=U&ved=0ahUKEwjMxa6D_8z_AhUkSGwGHUSPDWAQgOUECKgM&usg=AOvVaw1Zds_vVsvkP10Qogxa0zs2
"Seagate ST16000NM001G Exos x16 16TB 7200RPM 256MB SATA 3.5in Hdd, Size: 6.3 x 5.3 ...","IDR3,553,344.40 + tax.",https://www.google.com/url?url=https://www.bhphotovideo.com/c/product/802709567-USE/seagate_st16000nm001g_16tb_exos_x16_7200.html//%3Fsmpm%3Dbu_ull&rct=j&q=&esrc=s&sa=U&ved=0ahUKEwjMxa6D_8z_AhUkSGwGHUSPDWAQguUECLcM&usg=AOvVaw3M7qfUm2yA22rx9JcefdTA
"WD My Book 8TB - HDD / HD / Hardisk Eksternal / External 3.5""","IDR3,000,000.00.",https://www.google.com/url?url=https://shopee.co.id/product/14305724/9404132470&rct=j&q=&esrc=s&sa=U&ved=0ahUKEwjMxa6D_8z_AhUkSGwGHUSPDWAQgOUECMQM&usg=AOvVaw0wEED6xrayJbuMvgZh-aM2
Wd My Passport Ultra Type-C Hardisk External 4tb | 5tb - Garansi Resmi ...,"IDR1,837,500.00.",https://www.google.com/url?url=https://www.tokopedia.com/rekomendasi/9606995456%3Fsrsltid%3DAR57-fAY2S5MoeL3csz8kpvytCnhHUaM5aOoZn3hkYAHEsfamiX7yodb0zA&rct=j&q=&esrc=s&sa=U&ved=0ahUKEwjMxa6D_8z_AhUkSGwGHUSPDWAQgOUECM8M&usg=AOvVaw3BZBawuEH0vtcZYpCTqv6F
1 T USB3.0 Safe External Hard Drive Storage Devices Portable Laptop Mobile Hard Disk,"IDR730,000.00.",https://www.google.com/url?url=https://www.qoo10.co.id/item/1-T-USB3-0-PERANGKAT-DRIVE-EKSTERNAL-HARD-DRIVE-EKSTERNAL-HARD/562166443&rct=j&q=&esrc=s&sa=U&ved=0ahUKEwjMxa6D_8z_AhUkSGwGHUSPDWAQgOUECNoM&usg=AOvVaw2Gxy1d4Mw-IW6Gif5Drgxu
hdd harddisk full game games pc 500gb external plus casing,"IDR188,000.00.",https://www.google.com/url?url=https://www.bukalapak.com/p/komputer/hardware/hard-disk/2xr5azc-jual-hdd-harddisk-full-game-games-pc-500gb-external-plus-casing&rct=j&q=&esrc=s&sa=U&ved=0ahUKEwjMxa6D_8z_AhUkSGwGHUSPDWAQgOUECOUM&usg=AOvVaw1nYrGqydEW8cYdlymKZFxZ
HDD EKSTERNAL WD 1 TB PASSPORT,"IDR765,000.00.",https://www.google.com/url?url=https://jo-computer.online/produk/hdd-eksternal-wd-1-tb-passport/%3Fsrsltid%3DAR57-fCnXih5yBxRp-t0NzvHMXxyijSlbiEn3MSZVoj1ia3F8LnHZqAahr4&rct=j&q=&esrc=s&sa=U&ved=0ahUKEwjMxa6D_8z_AhUkSGwGHUSPDWAQgOUECPEM&usg=AOvVaw3RGEyLEd1v1qQzaGO0BqKq
hard disk esternal WD My New Passport Ultra,"IDR2,940,000.00.",https://www.google.com/url?url=https://www.blibli.com/p/hard-disk-esternal-wd-my-new-passport-ultra/is--TIS-70232-06386-00001&rct=j&q=&esrc=s&sa=U&ved=0ahUKEwjMxa6D_8z_AhUkSGwGHUSPDWAQgOUECPwM&usg=AOvVaw3y4qgMa-CeTwGYFpUCBF7n
500GB 1TB 2TB HDD 2.5 lacie portable hard drive 2 TB 500 GB Portable External ...,"IDR522,603.45 + tax.",https://www.google.com/url?url=https://www.dhgate.com/product/500gb-1tb-2tb-hdd-2-5-hard-disk-2tb-1tb-500/565946577.html%3Ff%3Dbm%257CGMC%257C%257Bifdyn:dyn%257D%257Bifpla:pla%257D%257Bifdbm:DBM%257D%257C%257Bcampaignid%257D%257C%257Badgroupid%257D%257C565946577%257C%257Btargetid%257D%257C104001006%257CUS%257Ctop_world%257C%257Bdevice%257D%257C2%257C%26utm_source%3D%257Bifdyn:dyn%257D%257Bifpla:pla%257D%257Bifdbm:DBM%257D%26utm_medium%3DGMC%26utm_campaign%3Dtop_world%26utm_term%3D565946577&rct=j&q=&esrc=s&sa=U&ved=0ahUKEwjMxa6D_8z_AhUkSGwGHUSPDWAQgOUECIcN&usg=AOvVaw2sUUSZxmM0iolhHxJFRL4Q
HARDDISK EXTERNAL TOSHIBA CANVIO BASICS 1TB BLACK,"IDR676,000.00.",https://www.google.com/url?url=https://shopee.co.id/product/30103887/3753225927&rct=j&q=&esrc=s&sa=U&ved=0ahUKEwjMxa6D_8z_AhUkSGwGHUSPDWAQgOUECJMN&usg=AOvVaw02PBzYHbddHdyTQ9pfRPHZ
harddisk pc cctv 7200 rpm 3.5inch seagate 500gb sata hdd hard disk 500 gb hardisk ...,"IDR75,000.00.",https://www.google.com/url?url=https://www.bukalapak.com/p/komputer/hardware/hard-disk/4hmvdc7-jual-harddisk-pc-cctv-7200-rpm-3-5inch-seagate-500gb-sata-hdd-hard-disk-500-gb-hardisk-3-5-7200rpm&rct=j&q=&esrc=s&sa=U&ved=0ahUKEwjMxa6D_8z_AhUkSGwGHUSPDWAQgOUECJ4N&usg=AOvVaw0MhResOyiXhmhrZvztbMzv
"WDC Blue 2TB HDD SATA, Hard Disk PC Internal","IDR870,000.00.",https://www.google.com/url?url=http://www.jogjabolic.id/shop/wdc-blue-2tb-hdd-sata-hard-disk-pc-internal/&rct=j&q=&esrc=s&sa=U&ved=0ahUKEwjMxa6D_8z_AhUkSGwGHUSPDWAQgOUECKoN&usg=AOvVaw0N5TTfa2XL-ccec2L92_vi
[Local] Seagte External Hard Disk 2tb 1tb Hdd Mobile Hard Disk - 2tb,"IDR470,000.00.",https://www.google.com/url?url=https://www.tokopedia.com/rekomendasi/10078539195%3Fsrsltid%3DAR57-fBIP9yVcClAw5y1VQmiEgLIAZtC_FmBoc8bSHK5uHivozA2eId28bQ&rct=j&q=&esrc=s&sa=U&ved=0ahUKEwjMxa6D_8z_AhUkSGwGHUSPDWAQgOUECLUN&usg=AOvVaw25u8qyStrFLO7UQK6gp_5P
Hardisk External Toshiba 2 TB,"IDR1,280,000.00.",https://www.google.com/url?url=https://sodagarkomputer.com/product/hardisk-external-toshiba-2-tb/&rct=j&q=&esrc=s&sa=U&ved=0ahUKEwjMxa6D_8z_AhUkSGwGHUSPDWAQgOUECMAN&usg=AOvVaw3Z1nKL7ow0Onn6iKCGtqyb
M32 USB3.0 500GB/1TB Stable External Hard Drive Portable Laptop Mobile Hard Disk,"IDR820,000.00.",https://www.google.com/url?url=https://www.qoo10.co.id/item/M32-USB3-0-500GB-1TB-STABIL-HARD-DRIVE-EKSTERNAL-HARD-DISK-LAPTOP/562173111%3F__langcd%3Did%26__currency%3DIDR%26__ar%3DY&rct=j&q=&esrc=s&sa=U&ved=0ahUKEwjMxa6D_8z_AhUkSGwGHUSPDWAQgOUECMsN&usg=AOvVaw0BfL08FAc-6WazUBrzEcLs
HDD Portable Hard Disk External SEAGATE Expansion 2 TB,"IDR910,800.00.",https://www.google.com/url?url=https://www.blibli.com/p/hdd-portable-hard-disk-external-seagate-expansion-2-tb/is--ANC-70279-00043-00001%3FpickupPointCode%3DPP-3433864&rct=j&q=&esrc=s&sa=U&ved=0ahUKEwjMxa6D_8z_AhUkSGwGHUSPDWAQgOUECNYN&usg=AOvVaw03nW-tsPbxUJHKlj2Dy1Y2
Drives 3.5'' inch 1TB/2TB/3TB/4TB/6TB Internal hdd hard disk drive SATA III 64MB ...,"IDR641,098.14 + tax.",https://www.google.com/url?url=https://www.dhgate.com/product/drives-3-5-inch-1tb-2tb-3tb-4tb-6tb-internal/872034466.html%3Ff%3Dbm%257CGMC%257C%257Bifdyn:dyn%257D%257Bifpla:pla%257D%257Bifdbm:DBM%257D%257C%257Bcampaignid%257D%257C%257Badgroupid%257D%257C872034466%257C%257Btargetid%257D%257C104001004%257CUS%257Cxgsd%257C%257Bdevice%257D%257C2%257C%26utm_source%3D%257Bifdyn:dyn%257D%257Bifpla:pla%257D%257Bifdbm:DBM%257D%26utm_medium%3DGMC%26utm_campaign%3Dxgsd%26utm_term%3D872034466&rct=j&q=&esrc=s&sa=U&ved=0ahUKEwjMxa6D_8z_AhUkSGwGHUSPDWAQgOUECOMN&usg=AOvVaw3xY-WXEYIrwoVDS8tQzPQL
HARDDISK INTERNAL WD 320GB,"IDR145,000.00.",https://www.google.com/url?url=https://jo-computer.online/produk/harddisk-internal-wd-320gb/%3Fsrsltid%3DAR57-fBhT_zuRhKZY8CAARlNzeW14yJplwdcoW7iyzf4DADVjwZUtdU_RT4&rct=j&q=&esrc=s&sa=U&ved=0ahUKEwjMxa6D_8z_AhUkSGwGHUSPDWAQgOUECO8N&usg=AOvVaw2AJMQ8nmSpzOL5ilY-FxJt
"Hdd HP 500GB Sas 6G 7.2K Sff 2.5""Mdl","IDR950,000.00.",https://www.google.com/url?url=https://plazait.co.id/product/hdd-hp-500gb-sas-6g-7-2k-sff-2-5mdl/&rct=j&q=&esrc=s&sa=U&ved=0ahUKEwjMxa6D_8z_AhUkSGwGHUSPDWAQgOUECPoN&usg=AOvVaw0rVuF2FbHtRoAJfBwrQoQI
Hdd 500Gb | Hard Disk Pc 3.5 Inch | Hdd Komputer,"IDR95,000.00.",https://www.google.com/url?url=https://www.lazada.co.id/products/hdd-500gb-hard-disk-pc-35-inch-hdd-komputer-i6810070603-s12912956395.html%3Ffrom_gmc%3D1&rct=j&q=&esrc=s&sa=U&ved=0ahUKEwjMxa6D_8z_AhUkSGwGHUSPDWAQgOUECIUO&usg=AOvVaw2yv8VqQkgmsP9OxOP50Egy
"Dell/hp Laptop Hard Disk Drives Seagate 320 Gb 5400rpm 2.5"" Sata","IDR239,233.59 + tax.",https://www.google.com/url?url=https://www.ebay.com/itm/265366235433&rct=j&q=&esrc=s&sa=U&ved=0ahUKEwjMxa6D_8z_AhUkSGwGHUSPDWAQgOUECJMO&usg=AOvVaw1WfkHi_HEz9-VTzfR2LFnq
hdd pc komputer 500gb sata second garansi 2 minggu,"IDR70,000.00 Was IDR130,000.00.",https://www.google.com/url?url=https://www.bukalapak.com/p/komputer/hardware/hard-disk/4ggs1tp-jual-hdd-pc-komputer-500gb-sata-second-garansi-2-minggu&rct=j&q=&esrc=s&sa=U&ved=0ahUKEwjMxa6D_8z_AhUkSGwGHUSPDWAQgOUECKEO&usg=AOvVaw2zDwSXnCFVRZfRXdt--qoj
Seagate Expansion Portable 1.5TB External Hard Drive HDD - USB 3.0 for PC Laptop ...,"IDR894,777.34.",https://www.google.com/url?url=https://hungamastart.com/product/seagate-expansion-1-5-tb-external-hdd-usb-3-0-for-pc-laptop-3-yr-data-recovery-services-portable-hard-drive-stea1500400/&rct=j&q=&esrc=s&sa=U&ved=0ahUKEwjMxa6D_8z_AhUkSGwGHUSPDWAQguUECK8O&usg=AOvVaw0faoP1lsoRlf0DLwG-duOt
SanDisk Portable SSD - 1TB,"IDR1,886,515.43.",https://www.google.com/url?url=https://www.conrad.com/p/-2376135%3FWT.srch%3D1%26vat%3Dtrue%26utm_source%3Dgoogle%26utm_medium%3Dorganic%26utm_campaign%3Dshopping%26srsltid%3DAR57-fBEgUS0kz-0uYHU4H1UTYq_Z8VBXcvzkeZYzNhb6Mc7kZo2DV8VX6o&rct=j&q=&esrc=s&sa=U&ved=0ahUKEwjMxa6D_8z_AhUkSGwGHUSPDWAQguUECL8O&usg=AOvVaw0GDp9JJAJpKX5yKGAJq7NJ
"WD My Passport 2.5"" 4TB 2019 (WDBPKJ0040BBL) Portable Hard Disk (Blue)","IDR1,298,957.81.",https://www.google.com/url?url=https://www.yohohongkong.com/en-us/product/31924-WD-My-Passport-2.5%25E5%2590%258B-4TB-2019-%25E5%25A4%2596%25E7%25BD%25AE%25E7%25A1%25AC%25E7%25A2%259F-%25E8%2597%258D%25E8%2589%25B2-%25E9%25A6%2599%25E6%25B8%25AF%25E8%25A1%258C%25E8%25B2%25A8%3Fsrsltid%3DAR57-fBKXOUNZ6b4tQAc94zlIcDcvpyMZxU3wv22Ihr7_keDwVIklU-0zH0&rct=j&q=&esrc=s&sa=U&ved=0ahUKEwjMxa6D_8z_AhUkSGwGHUSPDWAQgOUECMsO&usg=AOvVaw2y4QB82sMFAG_VJU_xQ-SK
"Hardisk 500GB WD Blue Slim Sata 2,5"" Inchi Baru 0 Days HDD 500GB For Laptop ...","IDR125,000.00.",https://www.google.com/url?url=https://shopee.co.id/product/142674819/12242598122&rct=j&q=&esrc=s&sa=U&ved=0ahUKEwjMxa6D_8z_AhUkSGwGHUSPDWAQgOUECNcO&usg=AOvVaw3rM9akpPzju9CmqdctlLlZ
